<?xml version="1.0" encoding="UTF-8"?>
<project-private xmlns="http://www.netbeans.org/ns/project-private/1">
    <editor-bookmarks xmlns="http://www.netbeans.org/ns/editor-bookmarks/2" lastBookmarkId="0"/>
    <open-files xmlns="http://www.netbeans.org/ns/projectui-open-files/2">
        <group>
            <file>file:/C:/Users/jjc62351/Dropbox/Uni/Sep%202014/Advanced%20OO/Week%202/FourPlay/src/fourplay/CPUPlayer.java</file>
            <file>file:/C:/Users/jjc62351/Dropbox/Uni/Sep%202014/Advanced%20OO/Week%202/FourPlay/src/fourplay/FourPlay.java</file>
            <file>file:/C:/Users/jjc62351/Dropbox/Uni/Sep%202014/Advanced%20OO/Week%202/FourPlay/src/fourplay/FPController.java</file>
            <file>file:/C:/Users/jjc62351/Dropbox/Uni/Sep%202014/Advanced%20OO/Week%202/FourPlay/src/fourplay/FPModel.java</file>
        </group>
    </open-files>
</project-private>
